<bookstore>
  <item category="BOOK-COOKING">
    <name lang="en">Everyday Italian</name>
    <writer>Giada De Laurentiis</writer>
    <year>2005</year>
    <price>30.00</price>
  </item>
  <item category="BOOK-CHILDREN">
    <name lang="en">Harry Potter</name>
    <writer>J K. Rowling</writer>
    <year>2005</year>
    <price>29.99</price>
  </item>
  <item category="BOOK-WEB">
    <name lang="en">Learning XML</name>
    <writer>Erik T. Ray</writer>
    <year>2003</year>
    <price>39.95</price>
  </item>
</bookstore>