<?xml version="1.0" encoding="ISO-8859-1"?>
<rss xmlns:media="http://search.yahoo.com/mrss/" xmlns:atom="http://www.w3.org/2005/Atom" version="2.0">  
  <channel> 
    <title>BBC News - World</title>  
    <link>http://www.bbc.co.uk/news/world/#sa-ns_mchannel=rss&amp;ns_source=PublicRSS20-sa</link>  
    <description>The latest stories from the World section of the BBC News web site.</description>  
    <language>en-gb</language>  
    <lastBuildDate>Mon, 10 Sep 2012 21:23:30 GMT</lastBuildDate>  
    <copyright>Copyright: (C) British Broadcasting Corporation, see http://news.bbc.co.uk/2/hi/help/rss/4498287.stm for terms and conditions of reuse.</copyright>  
    <image> 
      <url>http://news.bbcimg.co.uk/nol/shared/img/bbc_news_120x60.gif</url>  
      <title>BBC News - World</title>  
      <link>http://www.bbc.co.uk/news/world/#sa-ns_mchannel=rss&amp;ns_source=PublicRSS20-sa</link>  
      <width>120</width>  
      <height>60</height> 
    </image>  
    <ttl>15</ttl>  
    <atom:link href="http://feeds.bbci.co.uk/news/world/rss.xml" rel="self" type="application/rss+xml"/>  
    <item> 
      <title>Yemen says al-Qaeda chief killed</title>  
      <description>Said al-Shihri, described as the second-in-command of al-Qaeda in the Arabian Peninsula, is killed in an operation in Yemen, officials say.</description>  
      <link>http://www.bbc.co.uk/news/world-middle-east-19547768#sa-ns_mchannel=rss&amp;ns_source=PublicRSS20-sa</link>  
      <guid isPermaLink="false">http://www.bbc.co.uk/news/world-middle-east-19547768</guid>  
      <pubDate>Mon, 10 Sep 2012 19:05:48 GMT</pubDate>  
      <media:thumbnail width="66" height="49" url="http://news.bbcimg.co.uk/media/images/62800000/jpg/_62800522_shihriap226b.jpg"/>  
      <media:thumbnail width="144" height="80" url="http://news.bbcimg.co.uk/media/images/62800000/jpg/_62800865_shihriap226b.jpg"/> 
    </item>  
    <item> 
      <title>France 'helped Syria defector'</title>  
      <description>Manaf Tlas, a Syrian general who defected in July, hints that French intelligence agencies helped him escape.</description>  
      <link>http://www.bbc.co.uk/news/world-europe-19549304#sa-ns_mchannel=rss&amp;ns_source=PublicRSS20-sa</link>  
      <guid isPermaLink="false">http://www.bbc.co.uk/news/world-europe-19549304</guid>  
      <pubDate>Mon, 10 Sep 2012 19:13:23 GMT</pubDate>  
      <media:thumbnail width="66" height="49" url="http://news.bbcimg.co.uk/media/images/62807000/jpg/_62807490_tlas_iv.jpg"/>  
      <media:thumbnail width="144" height="81" url="http://news.bbcimg.co.uk/media/images/62807000/jpg/_62807491_tlas_iv.jpg"/> 
    </item> 
 </channel> 
</rss>