<?xml version="1.0" encoding="UTF-8"?>
<catalog  xmlns="http://sourcens">
   <book id="WEB002">
      <author>Gambardella, Matthew</author>
      <title>XML Developer's Guide</title>
      <genre>Computer</genre>
      <price>44.95</price>
      <publish_year>2000</publish_year>
      <description>An in-depth look at creating applications with XML.</description>
   </book>
   
   <book id="WEB001">	  
	  <author>James McGovern</author>
	  <author>Per Bothner</author>
	  <author>Kurt Cagle</author>
	  <author>James Linn</author>
	  <author>Vaidyanathan Nagarajan</author> 
	  <title lang="en">XQuery Kick Start</title>	  
	  <price>49.99</price>
	  <publish_year>2003</publish_year>
	</book>
 </catalog>
